{
    "annotations": {
      "list": [
        {
          "builtIn": 1,
          "datasource": {
            "type": "grafana",
            "uid": "-- Grafana --"
          },
          "enable": true,
          "hide": true,
          "iconColor": "rgba(0, 211, 255, 1)",
          "name": "Annotations & Alerts",
          "type": "dashboard"
        }
      ]
    },
    "editable": true,
    "fiscalYearStartMonth": 0,
    "graphTooltip": 0,
    "id": 1,
    "links": [],
    "panels": [
      {
        "collapsed": false,
        "gridPos": {
          "h": 1,
          "w": 24,
          "x": 0,
          "y": 0
        },
        "id": 7,
        "panels": [],
        "title": "General logs",
        "type": "row"
      },
      {
        "datasource": {
          "type": "marcusolsson-csv-datasource",
          "uid": "fdie8fmoqb3eoa"
        },
        "fieldConfig": {
          "defaults": {
            "color": {
              "mode": "continuous-GrYlRd"
            },
            "custom": {
              "axisBorderShow": false,
              "axisCenteredZero": false,
              "axisColorMode": "text",
              "axisLabel": "",
              "axisPlacement": "auto",
              "barAlignment": 0,
              "drawStyle": "line",
              "fillOpacity": 20,
              "gradientMode": "scheme",
              "hideFrom": {
                "legend": false,
                "tooltip": false,
                "viz": false
              },
              "insertNulls": false,
              "lineInterpolation": "smooth",
              "lineWidth": 3,
              "pointSize": 5,
              "scaleDistribution": {
                "type": "linear"
              },
              "showPoints": "auto",
              "spanNulls": false,
              "stacking": {
                "group": "A",
                "mode": "none"
              },
              "thresholdsStyle": {
                "mode": "off"
              }
            },
            "mappings": [],
            "thresholds": {
              "mode": "absolute",
              "steps": [
                {
                  "color": "green"
                },
                {
                  "color": "red",
                  "value": 80
                }
              ]
            }
          },
          "overrides": []
        },
        "gridPos": {
          "h": 9,
          "w": 18,
          "x": 0,
          "y": 1
        },
        "id": 5,
        "options": {
          "legend": {
            "calcs": [],
            "displayMode": "hidden",
            "placement": "right",
            "showLegend": false
          },
          "tooltip": {
            "mode": "single",
            "sort": "none"
          }
        },
        "pluginVersion": "10.4.1",
        "targets": [
          {
            "datasource": {
              "type": "marcusolsson-csv-datasource",
              "uid": "fdie8fmoqb3eoa"
            },
            "decimalSeparator": ".",
            "delimiter": "\t",
            "header": true,
            "ignoreUnknown": false,
            "path": "/ha_all_logs.csv",
            "refId": "A",
            "schema": [
              {
                "name": "ID",
                "type": "number"
              },
              {
                "name": "timestamp",
                "type": "time"
              },
              {
                "name": "loglevel",
                "type": "string"
              },
              {
                "name": "thread",
                "type": "string"
              },
              {
                "name": "namespace",
                "type": "string"
              },
              {
                "name": "message",
                "type": "string"
              }
            ],
            "skipRows": 0,
            "timezone": "Europe/Brussels"
          }
        ],
        "title": "Homeassistant Logs",
        "transformations": [
          {
            "id": "groupBy",
            "options": {
              "fields": {
                "ID": {
                  "aggregations": [
                    "count"
                  ],
                  "operation": "aggregate"
                },
                "message": {
                  "aggregations": []
                },
                "timestamp": {
                  "aggregations": [],
                  "operation": "groupby"
                }
              }
            }
          }
        ],
        "type": "timeseries"
      },
      {
        "datasource": {
          "type": "marcusolsson-csv-datasource",
          "uid": "fdie8fmoqb3eoa"
        },
        "fieldConfig": {
          "defaults": {
            "color": {
              "mode": "palette-classic"
            },
            "custom": {
              "hideFrom": {
                "legend": false,
                "tooltip": false,
                "viz": false
              }
            },
            "mappings": []
          },
          "overrides": []
        },
        "gridPos": {
          "h": 9,
          "w": 6,
          "x": 18,
          "y": 1
        },
        "id": 9,
        "options": {
          "legend": {
            "displayMode": "list",
            "placement": "bottom",
            "showLegend": true
          },
          "pieType": "pie",
          "reduceOptions": {
            "calcs": [
              "lastNotNull"
            ],
            "fields": "",
            "values": true
          },
          "tooltip": {
            "mode": "single",
            "sort": "none"
          }
        },
        "targets": [
          {
            "datasource": {
              "type": "marcusolsson-csv-datasource",
              "uid": "fdie8fmoqb3eoa"
            },
            "decimalSeparator": ".",
            "delimiter": "\t",
            "header": true,
            "ignoreUnknown": false,
            "path": "/entity_log_entries.csv",
            "refId": "A",
            "schema": [
              {
                "name": "ID",
                "type": "number"
              },
              {
                "name": "entity Name",
                "type": "string"
              },
              {
                "name": "timestamp",
                "type": "time"
              },
              {
                "name": "loglevel",
                "type": "string"
              },
              {
                "name": "thread",
                "type": "string"
              },
              {
                "name": "namespace",
                "type": "string"
              },
              {
                "name": "message",
                "type": "string"
              }
            ],
            "skipRows": 0,
            "timezone": "Europe/Brussels"
          }
        ],
        "title": "Panel Title",
        "transformations": [
          {
            "id": "groupBy",
            "options": {
              "fields": {
                "ID": {
                  "aggregations": [
                    "count"
                  ],
                  "operation": "aggregate"
                },
                "entity Name": {
                  "aggregations": [],
                  "operation": "groupby"
                }
              }
            }
          }
        ],
        "type": "piechart"
      },
      {
        "datasource": {
          "type": "marcusolsson-csv-datasource",
          "uid": "fdie8fmoqb3eoa"
        },
        "fieldConfig": {
          "defaults": {
            "color": {
              "mode": "palette-classic"
            },
            "custom": {
              "axisBorderShow": false,
              "axisCenteredZero": false,
              "axisColorMode": "text",
              "axisLabel": "",
              "axisPlacement": "auto",
              "barAlignment": 0,
              "drawStyle": "line",
              "fillOpacity": 0,
              "gradientMode": "none",
              "hideFrom": {
                "legend": false,
                "tooltip": false,
                "viz": false
              },
              "insertNulls": false,
              "lineInterpolation": "linear",
              "lineWidth": 1,
              "pointSize": 5,
              "scaleDistribution": {
                "type": "linear"
              },
              "showPoints": "auto",
              "spanNulls": false,
              "stacking": {
                "group": "A",
                "mode": "none"
              },
              "thresholdsStyle": {
                "mode": "off"
              }
            },
            "mappings": [],
            "thresholds": {
              "mode": "absolute",
              "steps": [
                {
                  "color": "green"
                },
                {
                  "color": "red",
                  "value": 80
                }
              ]
            }
          },
          "overrides": []
        },
        "gridPos": {
          "h": 3,
          "w": 24,
          "x": 0,
          "y": 10
        },
        "id": 8,
        "options": {
          "legend": {
            "calcs": [],
            "displayMode": "list",
            "placement": "bottom",
            "showLegend": true
          },
          "tooltip": {
            "mode": "single",
            "sort": "none"
          }
        },
        "targets": [
          {
            "datasource": {
              "type": "marcusolsson-csv-datasource",
              "uid": "fdie8fmoqb3eoa"
            },
            "decimalSeparator": ".",
            "delimiter": "\t",
            "header": true,
            "ignoreUnknown": false,
            "path": "/ha_all_logs.csv",
            "refId": "A",
            "schema": [
              {
                "name": "timestamp",
                "type": "time"
              },
              {
                "name": "loglevel",
                "type": "string"
              },
              {
                "name": "thread",
                "type": "string"
              },
              {
                "name": "namespace",
                "type": "string"
              },
              {
                "name": "message",
                "type": "string"
              }
            ],
            "skipRows": 0
          },
          {
            "datasource": {
              "name": "Expression",
              "type": "__expr__",
              "uid": "__expr__"
            },
            "hide": false,
            "refId": "B",
            "type": "math"
          }
        ],
        "title": "Errors in log",
        "transformations": [
          {
            "id": "filterByValue",
            "options": {
              "filters": [
                {
                  "config": {
                    "id": "equal",
                    "options": {
                      "value": "DEBUG"
                    }
                  },
                  "fieldName": "loglevel"
                }
              ],
              "match": "any",
              "type": "exclude"
            }
          },
          {
            "id": "filterByValue",
            "options": {
              "filters": [
                {
                  "config": {
                    "id": "equal",
                    "options": {
                      "value": "INFO"
                    }
                  },
                  "fieldName": "loglevel"
                }
              ],
              "match": "any",
              "type": "exclude"
            }
          }
        ],
        "type": "timeseries"
      },
      {
        "collapsed": false,
        "gridPos": {
          "h": 1,
          "w": 24,
          "x": 0,
          "y": 13
        },
        "id": 6,
        "panels": [],
        "title": "Homeassistant event changes",
        "type": "row"
      },
      {
        "datasource": {
          "type": "marcusolsson-csv-datasource",
          "uid": "fdie8fmoqb3eoa"
        },
        "fieldConfig": {
          "defaults": {
            "color": {
              "mode": "continuous-GrYlRd"
            },
            "custom": {
              "axisBorderShow": false,
              "axisCenteredZero": false,
              "axisColorMode": "text",
              "axisLabel": "",
              "axisPlacement": "auto",
              "fillOpacity": 80,
              "gradientMode": "none",
              "hideFrom": {
                "legend": false,
                "tooltip": false,
                "viz": false
              },
              "lineWidth": 1,
              "scaleDistribution": {
                "type": "linear"
              },
              "thresholdsStyle": {
                "mode": "off"
              }
            },
            "mappings": [],
            "thresholds": {
              "mode": "absolute",
              "steps": [
                {
                  "color": "green"
                },
                {
                  "color": "red",
                  "value": 80
                }
              ]
            }
          },
          "overrides": []
        },
        "gridPos": {
          "h": 12,
          "w": 12,
          "x": 0,
          "y": 14
        },
        "id": 3,
        "options": {
          "barRadius": 0,
          "barWidth": 0.97,
          "fullHighlight": false,
          "groupWidth": 0.7,
          "legend": {
            "calcs": [],
            "displayMode": "list",
            "placement": "bottom",
            "showLegend": true
          },
          "orientation": "auto",
          "showValue": "auto",
          "stacking": "none",
          "tooltip": {
            "mode": "single",
            "sort": "none"
          },
          "xTickLabelRotation": 90,
          "xTickLabelSpacing": 0
        },
        "pluginVersion": "10.4.1",
        "targets": [
          {
            "datasource": {
              "type": "marcusolsson-csv-datasource",
              "uid": "fdie8fmoqb3eoa"
            },
            "decimalSeparator": ".",
            "delimiter": ",",
            "header": true,
            "ignoreUnknown": false,
            "path": "/count_changes.csv",
            "refId": "A",
            "schema": [
              {
                "name": "Friendly name",
                "type": "string"
              },
              {
                "name": "Change Count",
                "type": "number"
              }
            ],
            "skipRows": 0
          }
        ],
        "title": "Home Assistant",
        "type": "barchart"
      },
      {
        "datasource": {
          "type": "marcusolsson-csv-datasource",
          "uid": "fdibqe11x5la8a"
        },
        "fieldConfig": {
          "defaults": {
            "color": {
              "mode": "palette-classic"
            },
            "custom": {
              "axisBorderShow": false,
              "axisCenteredZero": false,
              "axisColorMode": "text",
              "axisLabel": "",
              "axisPlacement": "auto",
              "barAlignment": 0,
              "drawStyle": "line",
              "fillOpacity": 0,
              "gradientMode": "none",
              "hideFrom": {
                "legend": false,
                "tooltip": false,
                "viz": false
              },
              "insertNulls": false,
              "lineInterpolation": "linear",
              "lineWidth": 1,
              "pointSize": 5,
              "scaleDistribution": {
                "type": "linear"
              },
              "showPoints": "auto",
              "spanNulls": false,
              "stacking": {
                "group": "A",
                "mode": "none"
              },
              "thresholdsStyle": {
                "mode": "off"
              }
            },
            "mappings": [],
            "thresholds": {
              "mode": "absolute",
              "steps": [
                {
                  "color": "green"
                },
                {
                  "color": "red",
                  "value": 80
                }
              ]
            }
          },
          "overrides": []
        },
        "gridPos": {
          "h": 6,
          "w": 12,
          "x": 12,
          "y": 14
        },
        "id": 4,
        "options": {
          "legend": {
            "calcs": [],
            "displayMode": "list",
            "placement": "bottom",
            "showLegend": true
          },
          "tooltip": {
            "mode": "single",
            "sort": "none"
          }
        },
        "pluginVersion": "10.4.1",
        "targets": [
          {
            "datasource": {
              "type": "marcusolsson-csv-datasource",
              "uid": "fdibqe11x5la8a"
            },
            "decimalSeparator": ".",
            "delimiter": "\t",
            "header": true,
            "ignoreUnknown": false,
            "refId": "A",
            "schema": [
              {
                "name": "ID",
                "type": "number"
              },
              {
                "name": "Friendly Name",
                "type": "string"
              },
              {
                "name": "timestamp",
                "type": "time"
              },
              {
                "name": "loglevel",
                "type": "string"
              },
              {
                "name": "namespace",
                "type": "string"
              },
              {
                "name": "message",
                "type": "string"
              }
            ],
            "skipRows": 0,
            "timezone": "Europe/Brussels"
          }
        ],
        "title": "Homeassistant Logs",
        "transformations": [
          {
            "id": "groupBy",
            "options": {
              "fields": {
                "ID": {
                  "aggregations": [
                    "count"
                  ],
                  "operation": "aggregate"
                },
                "message": {
                  "aggregations": [
                    "count"
                  ]
                },
                "timestamp": {
                  "aggregations": [],
                  "operation": "groupby"
                }
              }
            }
          }
        ],
        "type": "timeseries"
      }
    ],
    "refresh": "5s",
    "schemaVersion": 39,
    "tags": [],
    "templating": {
      "list": []
    },
    "time": {
      "from": "now-6h",
      "to": "now"
    },
    "timepicker": {},
    "timezone": "",
    "title": "homeassistant",
    "uid": "cdibkq0147f28e",
    "version": 16,
    "weekStart": ""
  }