{
    "annotations": {
      "list": [
        {
          "builtIn": 1,
          "datasource": {
            "type": "grafana",
            "uid": "-- Grafana --"
          },
          "enable": true,
          "hide": true,
          "iconColor": "rgba(0, 211, 255, 1)",
          "name": "Annotations & Alerts",
          "type": "dashboard"
        }
      ]
    },
    "editable": true,
    "fiscalYearStartMonth": 0,
    "graphTooltip": 0,
    "id": 2,
    "links": [],
    "panels": [
      {
        "datasource": {
          "type": "marcusolsson-csv-datasource",
          "uid": "fdie8fmoqb3eoa"
        },
        "fieldConfig": {
          "defaults": {
            "color": {
              "mode": "thresholds"
            },
            "custom": {
              "align": "auto",
              "cellOptions": {
                "type": "auto"
              },
              "inspect": false
            },
            "mappings": [],
            "thresholds": {
              "mode": "absolute",
              "steps": [
                {
                  "color": "green",
                  "value": null
                },
                {
                  "color": "red",
                  "value": 80
                }
              ]
            }
          },
          "overrides": []
        },
        "gridPos": {
          "h": 21,
          "w": 2,
          "x": 0,
          "y": 0
        },
        "id": 2,
        "options": {
          "cellHeight": "sm",
          "footer": {
            "countRows": false,
            "fields": "",
            "reducer": [
              "sum"
            ],
            "show": false
          },
          "showHeader": true
        },
        "pluginVersion": "10.4.1",
        "targets": [
          {
            "datasource": {
              "type": "marcusolsson-csv-datasource",
              "uid": "fdie8fmoqb3eoa"
            },
            "decimalSeparator": ".",
            "delimiter": ",",
            "header": true,
            "ignoreUnknown": false,
            "path": "/node.csv",
            "refId": "A",
            "schema": [
              {
                "name": "subscription succeeded",
                "type": "number"
              },
              {
                "name": "subscription failed",
                "type": "number"
              },
              {
                "name": "commisioning succeeded",
                "type": "number"
              },
              {
                "name": "commissiononig failed",
                "type": "number"
              }
            ],
            "skipRows": 0
          }
        ],
        "title": "Nodes",
        "transformations": [
          {
            "id": "groupBy",
            "options": {
              "fields": {
                "<!DOCTYPE HTML PUBLIC \"-//W3C//DTD HTML 4.01//EN\" \"http://www.w3.org/TR/html4/strict.dtd\">": {
                  "aggregations": []
                },
                "node": {
                  "aggregations": [],
                  "operation": "groupby"
                }
              }
            }
          }
        ],
        "type": "table"
      },
      {
        "datasource": {
          "type": "marcusolsson-csv-datasource",
          "uid": "fdie8fmoqb3eoa"
        },
        "fieldConfig": {
          "defaults": {
            "color": {
              "mode": "palette-classic"
            },
            "custom": {
              "axisBorderShow": false,
              "axisCenteredZero": false,
              "axisColorMode": "text",
              "axisLabel": "",
              "axisPlacement": "auto",
              "fillOpacity": 80,
              "gradientMode": "none",
              "hideFrom": {
                "legend": false,
                "tooltip": false,
                "viz": false
              },
              "lineWidth": 1,
              "scaleDistribution": {
                "type": "linear"
              },
              "thresholdsStyle": {
                "mode": "off"
              }
            },
            "mappings": [],
            "thresholds": {
              "mode": "absolute",
              "steps": [
                {
                  "color": "green",
                  "value": null
                },
                {
                  "color": "red",
                  "value": 80
                }
              ]
            },
            "unit": "short"
          },
          "overrides": []
        },
        "gridPos": {
          "h": 7,
          "w": 22,
          "x": 2,
          "y": 0
        },
        "id": 3,
        "options": {
          "barRadius": 0,
          "barWidth": 0.97,
          "fullHighlight": false,
          "groupWidth": 0.7,
          "legend": {
            "calcs": [],
            "displayMode": "list",
            "placement": "right",
            "showLegend": true
          },
          "orientation": "auto",
          "showValue": "never",
          "stacking": "none",
          "tooltip": {
            "mode": "single",
            "sort": "none"
          },
          "xTickLabelRotation": 0,
          "xTickLabelSpacing": 0
        },
        "pluginVersion": "10.4.1",
        "targets": [
          {
            "datasource": {
              "type": "marcusolsson-csv-datasource",
              "uid": "fdie8fmoqb3eoa"
            },
            "decimalSeparator": ".",
            "delimiter": ",",
            "header": true,
            "ignoreUnknown": false,
            "path": "/node.csv",
            "refId": "A",
            "schema": [
              {
                "name": "subscription succeeded",
                "type": "number"
              },
              {
                "name": "subscription failed",
                "type": "number"
              },
              {
                "name": "commisioning succeeded",
                "type": "number"
              },
              {
                "name": "commissiononig failed",
                "type": "number"
              },
              {
                "name": "node",
                "type": "string"
              }
            ],
            "skipRows": 0
          }
        ],
        "title": "Node Liveness",
        "type": "barchart"
      },
      {
        "datasource": {
          "type": "marcusolsson-csv-datasource",
          "uid": "fdie8fmoqb3eoa"
        },
        "fieldConfig": {
          "defaults": {
            "color": {
              "mode": "continuous-GrYlRd"
            },
            "custom": {
              "axisBorderShow": false,
              "axisCenteredZero": false,
              "axisColorMode": "text",
              "axisLabel": "",
              "axisPlacement": "auto",
              "barAlignment": 0,
              "drawStyle": "line",
              "fillOpacity": 20,
              "gradientMode": "scheme",
              "hideFrom": {
                "legend": false,
                "tooltip": false,
                "viz": false
              },
              "insertNulls": false,
              "lineInterpolation": "smooth",
              "lineWidth": 3,
              "pointSize": 5,
              "scaleDistribution": {
                "type": "linear"
              },
              "showPoints": "auto",
              "spanNulls": false,
              "stacking": {
                "group": "A",
                "mode": "none"
              },
              "thresholdsStyle": {
                "mode": "off"
              }
            },
            "mappings": [],
            "thresholds": {
              "mode": "absolute",
              "steps": [
                {
                  "color": "green",
                  "value": null
                },
                {
                  "color": "red",
                  "value": 80
                }
              ]
            }
          },
          "overrides": []
        },
        "gridPos": {
          "h": 7,
          "w": 22,
          "x": 2,
          "y": 7
        },
        "id": 4,
        "options": {
          "legend": {
            "calcs": [],
            "displayMode": "hidden",
            "placement": "right",
            "showLegend": false
          },
          "tooltip": {
            "mode": "single",
            "sort": "none"
          }
        },
        "pluginVersion": "10.4.1",
        "targets": [
          {
            "datasource": {
              "type": "marcusolsson-csv-datasource",
              "uid": "fdie8fmoqb3eoa"
            },
            "decimalSeparator": ".",
            "delimiter": ",",
            "header": true,
            "hide": false,
            "ignoreUnknown": false,
            "path": "/matterLogs.csv",
            "refId": "A",
            "schema": [
              {
                "name": "Time",
                "type": "time"
              }
            ],
            "skipRows": 0,
            "timezone": "Europe/Brussels"
          }
        ],
        "title": "Matter Logs",
        "transformations": [
          {
            "id": "groupBy",
            "options": {
              "fields": {
                "Message": {
                  "aggregations": [
                    "count"
                  ],
                  "operation": "aggregate"
                },
                "Thead": {
                  "aggregations": [
                    "count"
                  ],
                  "operation": "aggregate"
                },
                "Time": {
                  "aggregations": [],
                  "operation": "groupby"
                },
                "message": {
                  "aggregations": []
                }
              }
            }
          }
        ],
        "type": "timeseries"
      },
      {
        "datasource": {
          "type": "marcusolsson-csv-datasource",
          "uid": "fdie8fmoqb3eoa"
        },
        "fieldConfig": {
          "defaults": {
            "color": {
              "mode": "palette-classic"
            },
            "custom": {
              "hideFrom": {
                "legend": false,
                "tooltip": false,
                "viz": false
              }
            },
            "mappings": []
          },
          "overrides": []
        },
        "gridPos": {
          "h": 7,
          "w": 4,
          "x": 2,
          "y": 14
        },
        "id": 5,
        "options": {
          "displayLabels": [
            "name",
            "percent"
          ],
          "legend": {
            "calcs": [],
            "displayMode": "hidden",
            "placement": "right",
            "showLegend": false,
            "values": []
          },
          "pieType": "pie",
          "reduceOptions": {
            "calcs": [
              "lastNotNull"
            ],
            "fields": "",
            "values": true
          },
          "tooltip": {
            "mode": "single",
            "sort": "none"
          }
        },
        "pluginVersion": "10.4.1",
        "targets": [
          {
            "datasource": {
              "type": "marcusolsson-csv-datasource",
              "uid": "fdie8fmoqb3eoa"
            },
            "decimalSeparator": ".",
            "delimiter": ",",
            "header": true,
            "ignoreUnknown": false,
            "path": "/matterLogs.csv",
            "refId": "A",
            "schema": [
              {
                "name": "",
                "type": "string"
              }
            ],
            "skipRows": 0
          }
        ],
        "title": "Type of Logs",
        "transformations": [
          {
            "id": "groupBy",
            "options": {
              "fields": {
                "Time": {
                  "aggregations": [
                    "count"
                  ],
                  "operation": "aggregate"
                },
                "Type": {
                  "aggregations": [],
                  "operation": "groupby"
                }
              }
            }
          }
        ],
        "type": "piechart"
      },
      {
        "datasource": {
          "type": "marcusolsson-csv-datasource",
          "uid": "fdie8fmoqb3eoa"
        },
        "fieldConfig": {
          "defaults": {
            "color": {
              "mode": "palette-classic"
            },
            "custom": {
              "hideFrom": {
                "legend": false,
                "tooltip": false,
                "viz": false
              }
            },
            "mappings": []
          },
          "overrides": []
        },
        "gridPos": {
          "h": 7,
          "w": 4,
          "x": 6,
          "y": 14
        },
        "id": 6,
        "options": {
          "displayLabels": [
            "percent",
            "name"
          ],
          "legend": {
            "calcs": [],
            "displayMode": "hidden",
            "placement": "right",
            "showLegend": false,
            "values": []
          },
          "pieType": "pie",
          "reduceOptions": {
            "calcs": [
              "lastNotNull"
            ],
            "fields": "",
            "values": true
          },
          "tooltip": {
            "mode": "single",
            "sort": "none"
          }
        },
        "pluginVersion": "10.4.1",
        "targets": [
          {
            "datasource": {
              "type": "marcusolsson-csv-datasource",
              "uid": "fdie8fmoqb3eoa"
            },
            "decimalSeparator": ".",
            "delimiter": ",",
            "header": true,
            "ignoreUnknown": false,
            "path": "/matterLogs.csv",
            "refId": "A",
            "schema": [
              {
                "name": "",
                "type": "string"
              }
            ],
            "skipRows": 0
          }
        ],
        "title": "Thread",
        "transformations": [
          {
            "id": "groupBy",
            "options": {
              "fields": {
                "Thead": {
                  "aggregations": [],
                  "operation": "groupby"
                },
                "Time": {
                  "aggregations": [
                    "count"
                  ],
                  "operation": "aggregate"
                }
              }
            }
          }
        ],
        "type": "piechart"
      },
      {
        "datasource": {
          "type": "marcusolsson-csv-datasource",
          "uid": "fdie8fmoqb3eoa"
        },
        "fieldConfig": {
          "defaults": {
            "color": {
              "mode": "continuous-GrYlRd"
            },
            "custom": {
              "axisBorderShow": false,
              "axisCenteredZero": false,
              "axisColorMode": "text",
              "axisLabel": "",
              "axisPlacement": "auto",
              "barAlignment": 0,
              "drawStyle": "line",
              "fillOpacity": 20,
              "gradientMode": "scheme",
              "hideFrom": {
                "legend": false,
                "tooltip": false,
                "viz": false
              },
              "insertNulls": false,
              "lineInterpolation": "smooth",
              "lineWidth": 3,
              "pointSize": 5,
              "scaleDistribution": {
                "type": "linear"
              },
              "showPoints": "auto",
              "spanNulls": false,
              "stacking": {
                "group": "A",
                "mode": "none"
              },
              "thresholdsStyle": {
                "mode": "off"
              }
            },
            "mappings": [],
            "thresholds": {
              "mode": "absolute",
              "steps": [
                {
                  "color": "green",
                  "value": null
                },
                {
                  "color": "red",
                  "value": 80
                }
              ]
            }
          },
          "overrides": []
        },
        "gridPos": {
          "h": 7,
          "w": 7,
          "x": 10,
          "y": 14
        },
        "id": 7,
        "options": {
          "legend": {
            "calcs": [],
            "displayMode": "hidden",
            "placement": "right",
            "showLegend": false
          },
          "tooltip": {
            "mode": "single",
            "sort": "none"
          }
        },
        "pluginVersion": "10.4.1",
        "targets": [
          {
            "datasource": {
              "type": "marcusolsson-csv-datasource",
              "uid": "fdie8fmoqb3eoa"
            },
            "decimalSeparator": ".",
            "delimiter": ",",
            "header": true,
            "ignoreUnknown": false,
            "path": "/matter-stat.csv",
            "refId": "A",
            "schema": [
              {
                "name": "Time",
                "type": "time"
              },
              {
                "name": "RAM",
                "type": "number"
              }
            ],
            "skipRows": 0,
            "timezone": "Europe/Brussels"
          }
        ],
        "title": "RAM [MiB]",
        "type": "timeseries"
      },
      {
        "datasource": {
          "type": "marcusolsson-csv-datasource",
          "uid": "fdie8fmoqb3eoa"
        },
        "fieldConfig": {
          "defaults": {
            "color": {
              "mode": "continuous-GrYlRd"
            },
            "custom": {
              "axisBorderShow": false,
              "axisCenteredZero": false,
              "axisColorMode": "text",
              "axisLabel": "",
              "axisPlacement": "auto",
              "barAlignment": 0,
              "drawStyle": "line",
              "fillOpacity": 20,
              "gradientMode": "scheme",
              "hideFrom": {
                "legend": false,
                "tooltip": false,
                "viz": false
              },
              "insertNulls": false,
              "lineInterpolation": "smooth",
              "lineWidth": 3,
              "pointSize": 5,
              "scaleDistribution": {
                "type": "linear"
              },
              "showPoints": "auto",
              "spanNulls": false,
              "stacking": {
                "group": "A",
                "mode": "none"
              },
              "thresholdsStyle": {
                "mode": "off"
              }
            },
            "mappings": [],
            "thresholds": {
              "mode": "absolute",
              "steps": [
                {
                  "color": "green",
                  "value": null
                },
                {
                  "color": "red",
                  "value": 80
                }
              ]
            }
          },
          "overrides": []
        },
        "gridPos": {
          "h": 7,
          "w": 7,
          "x": 17,
          "y": 14
        },
        "id": 8,
        "options": {
          "legend": {
            "calcs": [],
            "displayMode": "hidden",
            "placement": "right",
            "showLegend": false
          },
          "tooltip": {
            "mode": "single",
            "sort": "none"
          }
        },
        "pluginVersion": "10.4.1",
        "targets": [
          {
            "datasource": {
              "type": "marcusolsson-csv-datasource",
              "uid": "fdie8fmoqb3eoa"
            },
            "decimalSeparator": ".",
            "delimiter": ",",
            "header": true,
            "ignoreUnknown": false,
            "path": "/matter-stat.csv",
            "refId": "A",
            "schema": [
              {
                "name": "CPU",
                "type": "number"
              },
              {
                "name": "Time",
                "type": "time"
              }
            ],
            "skipRows": 0,
            "timezone": "Europe/Brussels"
          }
        ],
        "title": "CPU [%]",
        "type": "timeseries"
      }
    ],
    "refresh": "",
    "schemaVersion": 39,
    "tags": [],
    "templating": {
      "list": []
    },
    "time": {
      "from": "now-6h",
      "to": "now"
    },
    "timepicker": {},
    "timezone": "browser",
    "title": "matter",
    "uid": "ddiear6yv1w5cf",
    "version": 8,
    "weekStart": ""
  }